mineral_name,B2,B3,B4,B8,B11,B12,ASTER_B01,ASTER_B02,ASTER_B3N,Iron_Oxide,Clay_Index,NDVI,NDWI,Ferric_Iron,Silica_Index
Hematite,0.0595813888333333,0.0618956116666666,0.0952496113333333,0.1091916616666666,0.2858860416666666,0.3205760608333333,0.0658632849166666,0.0950984388333333,0.114082331,1.598646779001857,0.8917884635728098,0.0681958659657469,-0.2764439827351282,1.4438761218013214,1.7321078628747972
Goethite,0.0550125192499999,0.12433989425,0.186749651,0.2129144633749999,0.4582463673749999,0.395417675,0.123870631875,0.18663110725,0.22438463025,3.3946748776325357,1.158891938217179,0.0654670028637592,-0.2626343129334587,1.506661339805865,1.811443186646521
Magnetite,0.0562671915,0.0563678668,0.0571151357,0.0527243230999999,0.0608747227999999,0.0735226704,0.0564159252,0.0570510068,0.053801628,1.0150697773728805,0.8279720280709459,-0.0399748164113482,0.0333987553953434,1.0112569542231038,0.9536601282823368
Kaolinite,0.7068386509090909,0.773751990909091,0.8189481481818182,0.8508068572727272,0.8527357263636364,0.5172678063636363,0.77133267,0.8175209545454546,0.84841415,1.1586068978294697,1.6485381448208405,0.0190798702779978,-0.0474312555531997,1.0598811326721622,1.0999328460969655
Montmorillonite,0.586890208,0.653956112,0.7063147949999999,0.7369123099999999,0.7254992490000001,0.5204312144444443,0.6522104979999999,0.7043551210000001,0.737219953,1.2034870804406554,1.3940348213627345,0.0212007622930504,-0.0596434544716159,1.0799505870580055,1.130340501965663
Illite,0.342142665,0.381693984,0.3782818179999999,0.385178186,0.468783712,0.4228685719999999,0.377983929,0.378601537,0.3818719659999999,1.1056259439136025,1.1085801403898106,0.009033044132682,-0.0045433933983626,1.001633926567446,1.0102862227699043
Muscovite,0.5741376645,0.5965112145,0.6361158505,0.6676806049999999,0.8146915554999999,0.6374946955,0.5975767925000001,0.6344012274999999,0.668613202,1.1079500244501024,1.2779581516069545,0.024209878869318,-0.0562963537963602,1.0616229158259534,1.1188740915022382
Chlorite,0.2430443954545454,0.2702461027272727,0.25668714,0.280337629090909,0.5336236263636364,0.5779314927272727,0.2677711090909092,0.25833138,0.2783617227272726,1.0561326829142177,0.9233336889327776,0.0440398469712054,-0.0183287765278198,0.9647469856982436,1.0395509555784763
Calcite,0.7962535866666668,0.8287714433333333,0.8476924499999999,0.8598719333333333,0.831923745,0.7446012766666666,0.8276912866666667,0.84738338,0.8616031916666665,1.0646010938583763,1.1172741168958316,0.0071326641506958,-0.0184174410331784,1.0237915795570625,1.0409716704000296
Dolomite,0.6913491966666667,0.7062121050000001,0.722874205,0.6904516133333334,0.6935723766666667,0.6247329466666666,0.7057049183333333,0.7215935083333332,0.7013509,1.045599239905591,1.110190152873158,-0.0229406347897151,0.0112843853154789,1.0225144807157915,0.9938302424164498
Siderite,0.0525190283333333,0.0804088353333333,0.1424473593333333,0.1926151233333333,0.4246009433333333,0.5298685583333334,0.0826468636666666,0.1396794651666666,0.1941834116666666,2.712299460421067,0.8013325732245027,0.1497265886155418,-0.4109759613706003,1.6900756068526583,2.349555440534288
Alunite,0.6274289207692308,0.70236393,0.7907462169230767,0.8400115700000002,0.703914930769231,0.3983869696153847,0.7032828476923078,0.7879268353846155,0.8379726692307692,1.2602960720246323,1.7669124915899923,0.030210098133443,-0.0892439221885727,1.1203555251866244,1.191515846099848
Gypsum,0.8650755714285714,0.8817582971428573,0.8934533342857142,0.8954942057142858,0.6967235142857141,0.3909874714285714,0.8814502185714286,0.8931933228571428,0.8954985314285715,1.0328037843933593,1.7819586236880498,0.0011408223950286,-0.0077287321143501,1.0133224700670238,1.0159377153715317
Jarosite,0.2554080707692308,0.4342046338461539,0.5944746815384614,0.4657492184615385,0.7617525423076923,0.5612449984615385,0.4259436792307692,0.5876522623076923,0.5079103638461538,2.3275484461887013,1.357254907969296,-0.1214134692330442,-0.0350513353367881,1.379647773087001,1.1924354713727816
Quartz,0.6922107014285714,0.701683432857143,0.7227593542857143,0.784039567142857,0.78480694375,0.77107318375,0.7022409942857142,0.7215627542857143,0.7743738799999998,1.0441319996249363,1.0178112144363467,0.0406691374535579,-0.0554316879602706,1.0275144143991608,1.102718119953214
Albite,0.7356259152941177,0.7629234188235294,0.778630344117647,0.8095481735294117,0.8154538552941176,0.7849176488235294,0.7616611664705881,0.7781186605882353,0.8056605741176471,1.0584596292012618,1.038903694072009,0.0194674772851705,-0.0296506179419177,1.0216073559031962,1.0577676780782563
Orthoclase,0.7451054833333334,0.7652508233333334,0.7757592999999999,0.7888082466666666,0.8087846866666667,0.8204122800000001,0.7645872433333333,0.7754911399999999,0.78683929,1.0411402236876988,0.9858271219543364,0.0083402896928705,-0.0151586407727389,1.0142611410524167,1.0291033319868406
Olivine,0.4042588429166667,0.4789883837499999,0.4751865349999999,0.3450561183333334,0.5344959970833334,0.6350098245833333,0.4693459770833333,0.47182738625,0.3703479149999999,1.1754511535655947,0.8417129436019634,-0.158648681035241,0.1625303772463232,1.0052869295465523,0.789072294623122
Serpentine,0.2478905708333333,0.265513165,0.2480779825,0.245180075,0.2279033584166666,0.1913847071666666,0.2634260808333333,0.2495255733333333,0.24728092,1.0007559854272667,1.19081273463543,-0.0058750331539179,0.0398146832761154,0.9472318119438112,0.9387108134116138
Enstatite,0.42522791,0.48007342,0.48661143,0.42493165,0.49879172,0.56718349,0.47569335,0.48651907,0.46042094,1.144354373532199,0.8794186008584522,-0.0676652378550749,0.0609297905819489,1.0227577488153292,0.967894401553135
Augite,0.2135981299999999,0.2497568099999999,0.2479916999999999,0.2707275733333333,0.4302388966666666,0.3724134266666666,0.2464128199999999,0.2485159066666666,0.26941314,1.1610199414657825,1.155272217129366,0.0438307849039865,-0.0402908590573302,1.008534769340812,1.0933405537365892
Chromite,0.07192243925,0.087233271,0.1148771025,0.1491271075,0.2156836025,0.1081369235,0.08772564975,0.1135061789999999,0.1396010399999999,1.59723568507367,1.9945415087991192,0.1297327936651922,-0.2618621372760182,1.293876607180489,1.591336450450576
Epidote,0.1842269505714285,0.2611806228571429,0.2902289557142857,0.3923793242857143,0.5712664242857144,0.6059111842857143,0.2537738185714285,0.2854913871428571,0.3838898299999999,1.575388069227566,0.9428220334485792,0.1496471256911172,-0.2007447059671889,1.1249835680455171,1.512724271691193
Actinolite,0.3486351462499999,0.3658340743750001,0.34339333375,0.358872984375,0.6371490175,0.5376356612500001,0.363224874375,0.34496939,0.360184938125,0.9849647334583748,1.185094389326199,0.0220424218064527,0.0096053844376139,0.9497405184493012,0.9916306773550748
Talc,0.7761603266666666,0.8041205144444444,0.81800233,0.777875588888889,0.8530192244444444,0.6863670544444445,0.8033737144444444,0.8173506811111112,0.785742998888889,1.0539089558647508,1.242803258828992,-0.0251439915201088,0.0165897534983548,1.0173978264926853,0.9780541421519012
Pyrophyllite,0.619297225,0.6552990983333333,0.7027305450000001,0.7784713416666666,0.8551380733333334,0.5702952199999999,0.6547151866666667,0.7000817433333334,0.7687421633333335,1.1347225617760106,1.4994655896619256,0.0511346878755121,-0.0859079243356796,1.0692920324709738,1.1741627004340345
Pyrite,0.0604192626666666,0.066275515,0.0699353216666666,0.0684714845,0.1200110706666666,0.1239323133333333,0.0660896958333333,0.0696561675,0.0693768826666666,1.1575002243489438,0.9683597260085256,-0.0105763372585924,-0.0162969813441387,1.0539639512946335,1.0497381065914109
Chalcopyrite,0.0507307261666666,0.0672136355,0.0742832995,0.0718335318333333,0.0817421873333333,0.0832043583333333,0.0664387838333333,0.0740766909999999,0.0724612596666666,1.4642661453986323,0.982426631806852,-0.016765813196564,-0.0332253873968129,1.1149614062203912,1.0906468267386242
Galena,0.0514327712857142,0.0484989107142857,0.0498539131428571,0.0506901141428571,0.0489460007142857,0.0509986377142857,0.0488407151428571,0.0496522154285714,0.0505605195714285,0.9693022989737544,0.9597509523879982,0.0083167637044828,-0.0220911861046668,1.016615033526646,1.0352123033296718
Sphalerite,0.1313613091666667,0.1708090733333333,0.2120450216666667,0.3055484333333333,0.3472970166666667,0.1489045166666666,0.1710283883333333,0.2109836816666667,0.2931900449999999,1.6142120299327334,2.3323469369344,0.1806502940810248,-0.2828534352577131,1.233617830270858,1.7142769730473315
Water,0.03,0.04,0.02,0.01,0.005,0.003,0.04,0.02,0.01,0.67,1.67,-0.33,0.6,0.5,0.25
